{"stats":{"minecraft:killed":{"born_in_chaos_v1:maggot":4,"minecraft:skeleton":1,"minecraft:chicken":1,"minecraft:axolotl":1,"minecraft:pig":2,"born_in_chaos_v1:zombie_fisherman":1,"kevin_trophy:crawler_zombie":1,"born_in_chaos_v1:corpse_fly":1},"minecraft:mined":{"minecraft:tuff":42,"minecraft:spruce_planks":11,"farmersdelight:onions":7,"minecraft:grass_block":3,"butchercraft:goat_hide_carpet":1,"minecraft:spruce_leaves":3,"butchercraft:pig_hide_carpet":1,"minecraft:moss_block":3,"butchercraft:cow_hide_carpet":1,"born_in_chaos_v1:gnawed_bones":1,"butchercraft:goat_head_wall":1,"minecraft:furnace":1,"minecraft:fire":6,"minecraft:iron_ore":12,"minecraft:cobbled_deepslate":27,"minecraft:stripped_spruce_log":12,"treechop:chopped_log":2,"minecraft:big_dripleaf_stem":1,"minecraft:potatoes":1,"minecraft:deepslate_iron_ore":22,"minecraft:stone":662,"born_in_chaos_v1:mesh_door":1,"minecraft:smithing_table":1,"butchercraft:sheep_hide_carpet":1,"butchercraft:pig_head_wall":2,"minecraft:spruce_door":1,"minecraft:clay":44,"minecraft:crafting_table":1,"minecraft:torch":7,"minecraft:blast_furnace":1,"minecraft:chest":1,"minecraft:copper_ore":4,"minecraft:cobblestone":74,"minecraft:lapis_ore":1,"minecraft:oak_planks":6,"minecraft:wall_torch":25,"minecraft:blue_bed":3,"butchercraft:sheep_head_wall":2,"minecraft:stripped_spruce_wood":5,"minecraft:ice":1,"minecraft:grass":3,"butchercraft:cow_head_wall":2,"minecraft:coal_ore":101,"minecraft:gravel":7,"minecraft:dirt":58,"minecraft:deepslate":250},"minecraft:used":{"butchercraft:pig_head_item":2,"minecraft:stone_sword":130,"butchercraft:chicken_scraps":1,"minecraft:flint_and_steel":44,"minecraft:stone_shovel":80,"minecraft:chest":7,"minecraft:spruce_planks":25,"minecraft:wooden_shovel":14,"born_in_chaos_v1:fried_maggot":1,"simpletomb:grave_key":22,"minecraft:torch":260,"butchercraft:cooked_brain":1,"minecraft:dirt":2,"minecraft:tuff":52,"butchercraft:cooked_pork_roast":1,"butchercraft:sheep_hide":2,"minecraft:wooden_axe":53,"butchercraft:cow_skull_head_item":1,"minecraft:furnace":3,"minecraft:cooked_beef":1,"minecraft:potato":5,"minecraft:cobbled_deepslate":525,"sniffsweapons:iron_great_axe":6,"butchercraft:cow_hide":1,"easyhammers:grass_hammer":1,"minecraft:spruce_door":6,"easyhammers:stone_hammer":890,"minecraft:stone_pickaxe":261,"minecraft:wooden_pickaxe":8,"minecraft:blue_bed":2,"butchercraft:gut_knife":1,"butchercraft:butcher_block_block_item":2,"farmersdelight:onion":63,"minecraft:crafting_table":7,"minecraft:blast_furnace":1,"butchercraft:cooked_pork_scraps":5,"butchercraft:pig_hide":2,"minecraft:smoker":2,"minecraft:bread":2,"minecraft:iron_pickaxe":27,"butchercraft:cow_head_item":1,"born_in_chaos_v1:smoked_monster_flesh":1,"butchercraft:sheep_skull_head_item":2,"easyhammers:iron_hammer":66,"born_in_chaos_v1:mesh_door":1,"minecraft:cobblestone":1279,"born_in_chaos_v1:rotten_fish":1,"minecraft:cooked_porkchop":27,"alexsmobs:animal_dictionary":1},"minecraft:crafted":{"minecraft:stone_shovel":1,"easyhammers:iron_hammer":1,"butchercraft:cooked_pork_ribs":48,"butchercraft:cooked_brain":1,"minecraft:furnace":4,"butchercraft:cooked_pork_roast":73,"butchercraft:cooked_lamb_roast":14,"born_in_chaos_v1:smoked_monster_flesh":1,"butchercraft:goat_hood":1,"minecraft:cooked_mutton":20,"butchercraft:cooked_lamb_ribs":4,"minecraft:flint_and_steel":1,"minecraft:iron_boots":1,"minecraft:leather":2,"minecraft:iron_axe":1,"minecraft:spruce_slab":18,"born_in_chaos_v1:fried_maggot":1,"minecraft:stone_pickaxe":2,"minecraft:chest":7,"butchercraft:butcher_knife":1,"minecraft:dark_oak_planks":20,"minecraft:smoker":2,"sophisticatedbackpacks:iron_backpack":1,"minecraft:cooked_beef":85,"minecraft:wooden_shovel":1,"sophisticatedbackpacks:backpack":1,"butchercraft:cooked_beef_roast":84,"minecraft:cooked_porkchop":112,"minecraft:crafting_table":6,"minecraft:spruce_planks":196,"minecraft:iron_helmet":2,"minecraft:wooden_pickaxe":1,"minecraft:spruce_door":6,"butchercraft:butcher_block_block_item":2,"minecraft:stone_axe":1,"butchercraft:chicken_mask":1,"minecraft:air":0,"butchercraft:cooked_pork_scraps":15,"minecraft:iron_chestplate":1,"easyhammers:grass_hammer":1,"minecraft:stick":132,"butchercraft:gut_knife":1,"minecraft:iron_ingot":76,"minecraft:iron_pickaxe":1,"minecraft:wooden_axe":1,"minecraft:stone_sword":1,"minecraft:iron_leggings":1,"easyhammers:stone_hammer":10,"butchercraft:cooked_pork_stewmeat":2,"sniffsweapons:binding_string":2,"sniffsweapons:iron_great_axe":1,"minecraft:torch":296},"minecraft:custom":{"minecraft:interact_with_smithing_table":2,"minecraft:mob_kills":11,"minecraft:interact_with_crafting_table":75,"minecraft:open_barrel":3,"minecraft:leave_game":10,"minecraft:time_since_death":73753,"minecraft:climb_one_cm":668,"minecraft:sprint_one_cm":1123711,"minecraft:walk_one_cm":1132148,"minecraft:drop":132,"minecraft:talked_to_villager":3,"minecraft:play_time":687913,"minecraft:sneak_time":78285,"minecraft:deaths":17,"minecraft:walk_under_water_one_cm":566,"minecraft:jump":3812,"minecraft:interact_with_blast_furnace":28,"minecraft:walk_on_water_one_cm":17993,"minecraft:total_world_time":687913,"minecraft:interact_with_furnace":36,"minecraft:sleep_in_bed":15,"minecraft:time_since_rest":73791,"minecraft:damage_taken":6281,"minecraft:damage_dealt":4487,"minecraft:player_kills":4,"minecraft:fly_one_cm":496949,"minecraft:open_chest":283,"minecraft:crouch_one_cm":156493,"minecraft:interact_with_smoker":97,"minecraft:fall_one_cm":31890},"minecraft:picked_up":{"minecraft:crafting_table":1,"minecraft:clay_ball":92,"butchercraft:pork_ribs":6,"minecraft:smithing_table":1,"knight_quest:kq_goblet_empty":1,"butchercraft:cow_skull_head_item":1,"butchercraft:pork_scraps":15,"butchercraft:tongue":3,"born_in_chaos_v1:black_argillite":9,"sniffsweapons:binding_string":1,"minecraft:string":3,"born_in_chaos_v1:mesh_door":1,"minecraft:raw_copper":65,"minecraft:cobbled_deepslate":2309,"butchercraft:brain":4,"minecraft:spruce_planks":15,"born_in_chaos_v1:gnawed_bones":1,"butchercraft:pork_stewmeat":2,"minecraft:chest":1,"minecraft:furnace":1,"minecraft:iron_boots":1,"butchercraft:cubed_pork":4,"butchercraft:horn":2,"minecraft:dark_oak_sapling":1,"minecraft:stick":4,"minecraft:raw_iron":86,"born_in_chaos_v1:shattered_skull":1,"minecraft:torch":44,"butchercraft:eyeball":6,"minecraft:porkchop":14,"butchercraft:chicken_mask":1,"butchercraft:cooked_pork_roast":8,"butchercraft:sheep_hide":2,"butchercraft:pork_roast":10,"butchercraft:chicken_scraps":1,"minecraft:arrow":1,"minecraft:stone_shovel":1,"minecraft:rotten_flesh":1,"farmersdelight:onion":26,"butchercraft:goat_hide":1,"butchercraft:chicken_carcass":1,"butchercraft:blood_fluid_bucket":1,"butchercraft:sheep_head_item":2,"butchercraft:beef_scraps":5,"minecraft:glow_berries":1,"butchercraft:sheep_skull_head_item":2,"minecraft:cobblestone":5790,"born_in_chaos_v1:corpse_maggot":4,"minecraft:feather":2,"minecraft:cooked_beef":24,"born_in_chaos_v1:monster_flesh":1,"butchercraft:pig_head_item":2,"minecraft:potato":1,"minecraft:stripped_spruce_wood":5,"butchercraft:cow_hide":1,"minecraft:flint":1,"minecraft:tuff":349,"butchercraft:pig_hide":3,"minecraft:lapis_lazuli":42,"minecraft:dirt":53,"minecraft:blue_bed":2,"minecraft:bone":14,"minecraft:moss_block":1,"minecraft:oak_planks":6,"minecraft:cooked_porkchop":59,"minecraft:sweet_berries":3,"minecraft:quartz":1,"minecraft:gravel":7,"minecraft:stripped_spruce_log":12,"minecraft:spruce_sapling":10,"butchercraft:cooked_pork_stewmeat":1,"minecraft:blast_furnace":1,"minecraft:spruce_log":17,"butchercraft:goat_head_item":1,"minecraft:spruce_door":1,"butchercraft:cow_head_item":2,"butchercraft:leather_scrap":9,"butchercraft:lamb_scraps":11,"butchercraft:cooked_cubed_pork":6,"born_in_chaos_v1:rotten_fish":2,"minecraft:coal":259},"minecraft:killed_by":{"minecraft:player":10,"goatman:goatman":3,"man:managgresive":1,"mokey:mokey":2,"cave_dweller:cave_dweller":1},"minecraft:broken":{"minecraft:stone_pickaxe":2,"butchercraft:goat_hood":1,"easyhammers:stone_hammer":5},"minecraft:dropped":{"butchercraft:chicken_mask":2,"butchercraft:sinew":6,"easyhammers:stone_hammer":3,"minecraft:cooked_porkchop":14,"minecraft:cobblestone":1007,"butchercraft:cooked_pork_stewmeat":1,"butchercraft:lamb_scraps":1,"minecraft:dirt":8,"born_in_chaos_v1:gnawed_bones":1,"born_in_chaos_v1:black_argillite":8,"minecraft:torch":59,"butchercraft:blood_fluid_bucket":1,"minecraft:stone_axe":1,"minecraft:cobbled_deepslate":945,"minecraft:raw_copper":5,"minecraft:tuff":138,"minecraft:stone_shovel":1,"minecraft:raw_iron":4,"minecraft:clay_ball":92,"minecraft:iron_boots":1,"butchercraft:cooked_pork_roast":1,"knight_quest:kq_great_essence":1,"minecraft:spruce_log":1,"minecraft:arrow":2,"sniffsweapons:binding_string":1}},"DataVersion":3120}