{"stats":{"minecraft:killed":{"minecraft:witch":1,"born_in_chaos_v1:restless_spirit":1,"born_in_chaos_v1:zombie_lumberjack":2,"minecraft:spider":5,"born_in_chaos_v1:siamese_skeletonsright":1,"minecraft:skeleton":7,"minecraft:chicken":4,"minecraft:pig":10,"mokey:mokey":6,"minecraft:zombie_villager":1,"born_in_chaos_v1:diamond_termite":5,"alexsmobs:seal":9,"alexsmobs:crimson_mosquito":3,"kevin_trophy:blister_zombie":1,"minecraft:sheep":8,"minecraft:pillager":2,"minecraft:goat":2,"minecraft:zombie":25,"born_in_chaos_v1:dread_hound":1,"born_in_chaos_v1:corpse_fly":2,"born_in_chaos_v1:door_knight":1,"born_in_chaos_v1:siamese_skeletonsleft":1,"minecraft:cow":6,"goatman:goatman":1,"alexsmobs:raccoon":1,"born_in_chaos_v1:zombie_bruiser":1,"born_in_chaos_v1:firelight":1,"born_in_chaos_v1:maggot":18,"kevin_trophy:spitter_zombie":1,"born_in_chaos_v1:corpse_fish":1,"born_in_chaos_v1:baby_skeleton":1,"minecraft:rabbit":2,"born_in_chaos_v1:decrepit_skeleton":4,"born_in_chaos_v1:bloody_gadfly":1,"born_in_chaos_v1:nightmare_stalker":1,"minecraft:villager":1,"minecraft:enderman":1},"minecraft:mined":{"minecraft:white_bed":4,"minecraft:obsidian":1,"minecraft:carved_pumpkin":2,"minecraft:cave_vines_plant":7,"minecraft:grass_block":1,"minecraft:spawner":6,"minecraft:weeping_vines_plant":2,"minecraft:iron_ore":23,"minecraft:fire":47,"minecraft:cobbled_deepslate":47,"minecraft:moss_carpet":1,"minecraft:cave_vines":9,"minecraft:tripwire":1,"minecraft:deepslate_redstone_ore":1,"minecraft:red_bed":1,"farmersdelight:organic_compost":1,"butchercraft:pig_head_wall":3,"minecraft:powder_snow":4,"born_in_chaos_v1:infected_deepslate_diamond_ore":1,"minecraft:clay":9,"minecraft:torch":51,"butchercraft:pig_head":1,"minecraft:blast_furnace":1,"minecraft:calcite":2,"minecraft:cobblestone":221,"minecraft:wall_torch":46,"minecraft:wheat":5,"minecraft:blue_ice":3,"minecraft:grass":11,"minecraft:dark_oak_sapling":1,"minecraft:dirt":34,"minecraft:smooth_basalt":3,"born_in_chaos_v1:infernal_evil_pumpkin_s":1,"minecraft:deepslate":393,"minecraft:tuff":57,"farmersdelight:onions":22,"minecraft:deepslate_diamond_ore":19,"butchercraft:meat_hook":1,"born_in_chaos_v1:nightmare_stalker_skull":1,"born_in_chaos_v1:infected_diamond_ore":2,"born_in_chaos_v1:black_argillite":7,"minecraft:crimson_roots":4,"minecraft:spruce_leaves":9,"butchercraft:pig_hide_carpet":9,"minecraft:moss_block":12,"butchercraft:cow_hide_carpet":10,"minecraft:spore_blossom":1,"minecraft:spruce_sapling":1,"minecraft:furnace":2,"minecraft:carrots":1,"treechop:chopped_log":10,"minecraft:gold_block":2,"minecraft:potatoes":57,"minecraft:vine":1,"minecraft:deepslate_iron_ore":66,"minecraft:packed_ice":3,"minecraft:stone":670,"born_in_chaos_v1:mesh_door":1,"minecraft:glass_pane":1,"butchercraft:sheep_hide_carpet":3,"minecraft:crafting_table":2,"minecraft:copper_ore":8,"minecraft:tall_grass":7,"minecraft:deepslate_gold_ore":60,"minecraft:lapis_ore":1,"minecraft:blue_bed":6,"minecraft:sweet_berry_bush":6,"minecraft:ice":7,"minecraft:spruce_log":6,"minecraft:coal_ore":104,"minecraft:gravel":173,"minecraft:small_dripleaf":1,"minecraft:gold_ore":14,"minecraft:fern":2},"minecraft:used":{"butchercraft:pig_head_item":11,"minecraft:moss_block":1,"minecraft:chest":10,"minecraft:iron_sword":269,"butchercraft:butcher_knife":3,"minecraft:shield":93,"minecraft:rotten_flesh":2,"butchercraft:pig_skull_head_item":1,"minecraft:carrot":5,"sniffsweapons:great_bow":6,"minecraft:axolotl_bucket":5,"minecraft:snowball":5,"minecraft:weeping_vines":1,"minecraft:obsidian":2,"butchercraft:cooked_pork_roast":27,"minecraft:big_dripleaf":2,"born_in_chaos_v1:gnawed_bones":2,"born_in_chaos_v1:nightmare_stalker_skull":2,"minecraft:bow":1,"minecraft:sweet_berries":3,"minecraft:furnace":6,"minecraft:egg":1,"minecraft:potato":43,"minecraft:dark_oak_sapling":7,"minecraft:stone_pickaxe":131,"easyhammers:stone_hammer":376,"butchercraft:meat_hook_item":2,"minecraft:wooden_pickaxe":34,"minecraft:blue_bed":5,"butchercraft:gut_knife":3,"farmersdelight:organic_compost":1,"minecraft:glow_berries":1,"minecraft:golden_hoe":16,"sniffsweapons:diamond_great_sword":164,"minecraft:blast_furnace":1,"minecraft:shears":2,"butchercraft:pig_hide":15,"butchercraft:skinning_knife":1,"born_in_chaos_v1:monster_flesh":1,"minecraft:string":1,"minecraft:bread":7,"minecraft:gravel":198,"minecraft:soul_lantern":1,"minecraft:fire_charge":3,"born_in_chaos_v1:mesh_door":2,"butchercraft:goat_head_item":1,"minecraft:bone_meal":1,"minecraft:stone_sword":260,"minecraft:armor_stand":2,"minecraft:spruce_planks":1,"butchercraft:goat_hide":1,"simpletomb:grave_key":50,"minecraft:torch":494,"minecraft:dirt":39,"butchercraft:sheep_hide":6,"butchercraft:blood_fluid_bucket":48,"minecraft:wooden_axe":10,"minecraft:iron_axe":36,"minecraft:slime_block":1,"minecraft:smooth_basalt":1,"butchercraft:sheep_head_item":2,"minecraft:cobbled_deepslate":338,"minecraft:beetroot_soup":1,"minecraft:water_bucket":16,"butchercraft:cow_hide":15,"minecraft:baked_potato":110,"minecraft:cauldron":1,"farmersdelight:onion":1,"minecraft:crafting_table":5,"minecraft:red_bed":1,"minecraft:white_bed":3,"minecraft:diamond_pickaxe":4,"minecraft:apple":1,"easyhammers:diamond_hammer":12,"sniffsweapons:diamond_great_axe":8,"minecraft:iron_pickaxe":370,"minecraft:leather_helmet":1,"butchercraft:cow_head_item":6,"minecraft:spruce_sapling":14,"minecraft:stone_axe":87,"butchercraft:lamb_scraps":3,"easyhammers:iron_hammer":743,"minecraft:cobblestone":1169,"easyhammers:coal_hammer":105,"minecraft:cooked_porkchop":10,"minecraft:bucket":32,"alexsmobs:animal_dictionary":2,"minecraft:gray_wool":3},"minecraft:crafted":{"minecraft:oak_planks":8,"minecraft:chain":1,"sniffsweapons:diamond_great_sword":1,"minecraft:diamond_helmet":1,"minecraft:diamond_leggings":1,"minecraft:iron_boots":2,"minecraft:chest":11,"butchercraft:butcher_knife":2,"sniffsweapons:diamond_great_axe":1,"easyhammers:coal_hammer":1,"sophisticatedbackpacks:backpack":1,"minecraft:arrow":44,"minecraft:cauldron":1,"minecraft:diamond_axe":1,"minecraft:crafting_table":4,"minecraft:spruce_planks":144,"minecraft:iron_helmet":2,"minecraft:wooden_pickaxe":1,"minecraft:baked_potato":112,"minecraft:copper_ingot":81,"minecraft:dark_oak_slab":12,"minecraft:iron_chestplate":1,"minecraft:diamond_pickaxe":1,"minecraft:shield":3,"sophisticatedbackpacks:diamond_backpack":1,"minecraft:stick":120,"minecraft:iron_ingot":131,"minecraft:iron_pickaxe":3,"minecraft:stone_sword":2,"easyhammers:stone_hammer":2,"minecraft:shears":1,"minecraft:wooden_sword":1,"easyhammers:iron_hammer":3,"minecraft:iron_nugget":9,"minecraft:furnace":4,"butchercraft:cooked_pork_roast":7,"minecraft:iron_axe":1,"easyhammers:diamond_hammer":1,"minecraft:stone_pickaxe":2,"minecraft:diamond_boots":1,"butchercraft:meat_hook_item":1,"minecraft:dark_oak_planks":108,"sophisticatedbackpacks:iron_backpack":1,"minecraft:red_dye":8,"butchercraft:skinning_knife":2,"minecraft:diamond_sword":1,"minecraft:iron_sword":2,"knight_quest:kq_goblet_empty":1,"sophisticatedbackpacks:gold_backpack":1,"minecraft:bucket":1,"minecraft:stone_axe":1,"minecraft:air":0,"sniffsweapons:great_bow":1,"butchercraft:gut_knife":2,"minecraft:wooden_axe":1,"minecraft:iron_leggings":1,"sniffsweapons:binding_string":4,"minecraft:torch":296,"minecraft:diamond_chestplate":1,"butchercraft:bone_saw":2},"minecraft:custom":{"minecraft:interact_with_crafting_table":98,"minecraft:leave_game":10,"minecraft:time_since_death":6123,"minecraft:sprint_one_cm":2041211,"minecraft:damage_blocked_by_shield":4196,"minecraft:drop":276,"minecraft:talked_to_villager":9,"minecraft:play_time":732084,"minecraft:deaths":33,"minecraft:jump":11369,"minecraft:walk_on_water_one_cm":56898,"minecraft:interact_with_furnace":68,"minecraft:sleep_in_bed":27,"minecraft:damage_dealt":37415,"minecraft:player_kills":12,"minecraft:crouch_one_cm":54283,"minecraft:interact_with_smoker":11,"minecraft:horse_one_cm":2185,"minecraft:mob_kills":141,"minecraft:damage_dealt_resisted":1551,"minecraft:climb_one_cm":6451,"minecraft:walk_one_cm":1398105,"minecraft:sneak_time":26595,"minecraft:walk_under_water_one_cm":33197,"minecraft:interact_with_blast_furnace":35,"minecraft:total_world_time":732084,"minecraft:time_since_rest":6150,"minecraft:damage_taken":16102,"minecraft:swim_one_cm":104718,"minecraft:fly_one_cm":2327679,"minecraft:open_chest":399,"minecraft:fall_one_cm":216852},"minecraft:picked_up":{"butchercraft:rabbit_splotched_head_item":1,"butchercraft:pork_ribs":42,"butchercraft:blood_fluid_bottle":4,"butchercraft:pork_scraps":104,"butchercraft:tongue":1,"butchercraft:cow_carcass":6,"born_in_chaos_v1:black_argillite":90,"sniffsweapons:binding_string":1,"minecraft:string":10,"born_in_chaos_v1:mesh_door":2,"minecraft:raw_copper":154,"butchercraft:goat_stewmeat":6,"minecraft:armor_stand":2,"butchercraft:lamb_stewmeat":18,"alexsmobs:blood_sac":1,"minecraft:cobbled_deepslate":3111,"minecraft:spruce_planks":11,"minecraft:calcite":4,"butchercraft:fat":161,"minecraft:iron_pickaxe":1,"alexsmobs:raccoon_tail":1,"easyhammers:stone_hammer":2,"minecraft:mangrove_log":1,"minecraft:furnace":2,"minecraft:stick":15,"born_in_chaos_v1:shattered_skull":1,"butchercraft:splotched_rabbit_carcass":1,"minecraft:big_dripleaf":4,"minecraft:torch":189,"butchercraft:eyeball":2,"minecraft:porkchop":98,"born_in_chaos_v1:nightmare_claw":1,"butchercraft:sheep_hide":6,"minecraft:rabbit_foot":1,"butchercraft:meat_hook_item":1,"minecraft:rotten_flesh":67,"farmersdelight:onion":42,"minecraft:carved_pumpkin":1,"butchercraft:blood_fluid_bucket":38,"minecraft:obsidian":1,"butchercraft:goat_carcass":1,"minecraft:cobblestone":5460,"butchercraft:tripe":130,"minecraft:feather":23,"butchercraft:lamb_roast":21,"butchercraft:pig_head_item":12,"minecraft:brown_wool":1,"minecraft:potato":139,"butchercraft:cow_hide":16,"butchercraft:goat_ribs":2,"minecraft:flint":12,"minecraft:tuff":323,"butchercraft:chicken_head_item":1,"butchercraft:goat_roast":7,"minecraft:lapis_lazuli":62,"minecraft:dirt":91,"born_in_chaos_v1:nightmare_stalker_skull":2,"born_in_chaos_v1:monster_skin":1,"minecraft:bone":251,"minecraft:bow":2,"minecraft:wheat_seeds":8,"minecraft:raw_gold":106,"minecraft:rabbit":1,"minecraft:moss_block":11,"minecraft:cooked_porkchop":18,"butchercraft:beef_stewmeat":144,"minecraft:poisonous_potato":1,"butchercraft:heart":20,"minecraft:fermented_spider_eye":1,"minecraft:dark_oak_log":60,"butchercraft:goat_chop":10,"born_in_chaos_v1:fire_dust":1,"minecraft:diamond":49,"minecraft:slime_block":1,"minecraft:netherite_helmet":2,"minecraft:soul_lantern":1,"minecraft:bone_meal":1,"butchercraft:cooked_cubed_pork":4,"born_in_chaos_v1:rotten_fish":2,"minecraft:crimson_roots":3,"minecraft:crafting_table":2,"born_in_chaos_v1:diamond_termite_shard":3,"minecraft:clay_ball":195,"minecraft:chicken":1,"butchercraft:cubed_beef":54,"minecraft:gold_block":2,"butchercraft:lamb_ribs":6,"minecraft:red_bed":1,"minecraft:moss_carpet":2,"minecraft:iron_axe":1,"butchercraft:beef_roast":126,"butchercraft:brain":1,"minecraft:beef":346,"butchercraft:kidney":40,"born_in_chaos_v1:gnawed_bones":2,"butchercraft:pork_stewmeat":60,"minecraft:poppy":1,"minecraft:light_gray_wool":1,"minecraft:sugar_cane":1,"butchercraft:cubed_pork":28,"minecraft:egg":2,"minecraft:dark_oak_sapling":16,"minecraft:raw_iron":232,"sophisticatedbackpacks:backpack":1,"butchercraft:chicken_mask":1,"minecraft:redstone":4,"butchercraft:sinew":307,"butchercraft:cubed_lamb":6,"born_in_chaos_v1:pieceofdarkmetal":3,"minecraft:carrot":3,"butchercraft:lung":40,"butchercraft:pork_roast":70,"butchercraft:chicken_scraps":1,"minecraft:arrow":7,"minecraft:weeping_vines":1,"butchercraft:goat_hide":1,"butchercraft:chicken_carcass":3,"butchercraft:sheep_head_item":3,"butchercraft:beef_scraps":203,"minecraft:glow_berries":4,"minecraft:mutton":30,"minecraft:rail":2,"minecraft:white_wool":7,"born_in_chaos_v1:fused_bone":2,"born_in_chaos_v1:corpse_maggot":12,"born_in_chaos_v1:monster_flesh":3,"minecraft:leather":38,"butchercraft:pig_hide":15,"minecraft:oak_log":2,"butchercraft:cubed_goat":2,"butchercraft:goat_scraps":9,"minecraft:blue_bed":5,"farmersdelight:organic_compost":1,"minecraft:apple":2,"minecraft:rabbit_hide":1,"minecraft:spore_blossom":1,"minecraft:iron_ingot":8,"butchercraft:liver":20,"minecraft:glass_bottle":2,"minecraft:iron_sword":2,"minecraft:smooth_basalt":19,"butchercraft:pig_carcass":8,"minecraft:sweet_berries":19,"born_in_chaos_v1:ethereal_spirit":2,"minecraft:quartz":1,"butchercraft:pig_skull_head_item":1,"minecraft:gravel":246,"butchercraft:oxtail":11,"minecraft:spruce_sapling":14,"minecraft:blast_furnace":1,"minecraft:white_bed":6,"minecraft:spruce_log":43,"butchercraft:goat_head_item":1,"minecraft:spider_eye":3,"butchercraft:sheep_carcass":4,"minecraft:leather_helmet":1,"butchercraft:cow_head_item":6,"butchercraft:beef_ribs":36,"butchercraft:leather_scrap":150,"minecraft:pumpkin_seeds":4,"minecraft:stone_axe":2,"butchercraft:lamb_scraps":33,"butchercraft:stomach":38,"knight_quest:kq_great_essence":7,"minecraft:gray_wool":4,"minecraft:baked_potato":3,"minecraft:coal":279,"minecraft:ender_pearl":1},"minecraft:killed_by":{"minecraft:creeper":2,"alexsmobs:tusklin":1,"siren_head:siren_head":1,"alexsmobs:crocodile":1,"thestarvedstalker:the_starved_stalker_aggro":3,"minecraft:player":3,"goatman:goatman":12,"mokey:mokey":7,"cave_dweller:cave_dweller":1,"born_in_chaos_v1:door_knight":1},"minecraft:broken":{"minecraft:iron_boots":1,"minecraft:stone_pickaxe":1,"minecraft:golden_hoe":1,"easyhammers:stone_hammer":2,"minecraft:iron_helmet":1,"easyhammers:iron_hammer":2},"minecraft:dropped":{"butchercraft:chicken_mask":1,"minecraft:iron_sword":4,"minecraft:moss_block":10,"minecraft:baked_potato":3,"minecraft:spore_blossom":1,"butchercraft:pork_stewmeat":2,"minecraft:dark_oak_sapling":4,"minecraft:cooked_porkchop":3,"minecraft:glow_berries":4,"minecraft:leather":13,"minecraft:rail":2,"minecraft:leather_helmet":2,"minecraft:flint":1,"born_in_chaos_v1:monster_flesh":2,"minecraft:dirt":17,"minecraft:dark_oak_log":19,"minecraft:crimson_roots":3,"farmersdelight:onion":4,"minecraft:wooden_sword":1,"minecraft:iron_pickaxe":2,"minecraft:dark_oak_planks":4,"alexsmobs:raccoon_tail":1,"butchercraft:bone_saw":1,"minecraft:bone":17,"minecraft:gravel":6,"minecraft:stone_axe":1,"minecraft:iron_nugget":22,"minecraft:golden_chestplate":1,"minecraft:cobbled_deepslate":2974,"minecraft:rotten_flesh":34,"minecraft:oak_planks":4,"butchercraft:butcher_knife":1,"minecraft:white_bed":3,"easyhammers:iron_hammer":1,"minecraft:poppy":1,"minecraft:mangrove_log":1,"minecraft:beetroot_seeds":3,"born_in_chaos_v1:corpse_maggot":4,"butchercraft:sheep_head_item":1,"minecraft:arrow":1,"minecraft:quartz":1,"minecraft:egg":1,"minecraft:iron_ingot":3,"born_in_chaos_v1:shattered_skull":1,"butchercraft:skinning_knife":1,"minecraft:wheat_seeds":8,"butchercraft:pork_scraps":1,"minecraft:poisonous_potato":1,"minecraft:netherite_helmet":1,"minecraft:iron_helmet":1,"minecraft:cobblestone":2248,"butchercraft:brain":1,"butchercraft:gut_knife":1,"butchercraft:eyeball":2,"minecraft:stick":2,"butchercraft:lamb_scraps":1,"minecraft:gray_wool":1,"born_in_chaos_v1:black_argillite":90,"minecraft:wooden_axe":1,"minecraft:brown_wool":1,"minecraft:iron_leggings":1,"minecraft:iron_axe":1,"minecraft:string":3,"minecraft:redstone":4,"minecraft:moss_carpet":2,"minecraft:sweet_berries":16,"minecraft:stone_sword":2,"butchercraft:cooked_cubed_pork":2,"minecraft:raw_copper":58,"minecraft:bowl":1,"minecraft:tuff":277,"butchercraft:chicken_carcass":1,"farmersdelight:cabbage_seeds":3,"minecraft:raw_iron":17,"born_in_chaos_v1:rotten_fish":1,"minecraft:light_gray_wool":1,"minecraft:clay_ball":187,"minecraft:iron_boots":1,"butchercraft:sheep_carcass":1,"butchercraft:chicken_scraps":1,"minecraft:pumpkin_seeds":4,"knight_quest:kq_goblet_empty":1,"butchercraft:cooked_pork_roast":7,"minecraft:big_dripleaf":2,"minecraft:shield":1,"minecraft:spruce_planks":4,"minecraft:iron_chestplate":1,"minecraft:golden_leggings":1,"minecraft:spider_eye":2,"minecraft:spruce_log":1,"minecraft:bow":1,"minecraft:stone_pickaxe":1,"minecraft:calcite":1,"sniffsweapons:binding_string":1}},"DataVersion":3120}