{"stats":{"minecraft:killed":{"born_in_chaos_v1:zombie_bruiser":1,"born_in_chaos_v1:maggot":1,"minecraft:pig":1,"minecraft:sheep":3,"born_in_chaos_v1:zombie_fisherman":1,"minecraft:goat":1,"minecraft:zombie":1,"minecraft:cow":1},"minecraft:used":{"butchercraft:butcher_knife":6,"minecraft:chest":3,"minecraft:iron_sword":59,"simpletomb:grave_key":21,"minecraft:torch":7,"minecraft:dirt":1,"minecraft:tuff":58,"butchercraft:sheep_hide":2,"born_in_chaos_v1:corpse_maggot":1,"minecraft:furnace":3,"butchercraft:sheep_head_item":1,"minecraft:egg":1,"minecraft:cooked_beef":15,"minecraft:potato":4,"minecraft:cobbled_deepslate":11,"easyhammers:stone_hammer":31,"minecraft:stone_pickaxe":89,"minecraft:wooden_pickaxe":14,"minecraft:blue_bed":1,"minecraft:glow_berries":2,"minecraft:white_bed":1,"minecraft:spruce_log":2,"minecraft:iron_pickaxe":196,"minecraft:spruce_sapling":8,"minecraft:cobblestone":55,"easyhammers:coal_hammer":2,"minecraft:gray_wool":1},"minecraft:mined":{"minecraft:tuff":26,"farmersdelight:onions":7,"minecraft:white_bed":1,"minecraft:cave_vines_plant":1,"minecraft:grass_block":10,"minecraft:spruce_leaves":4,"butchercraft:pig_hide_carpet":2,"minecraft:moss_block":1,"minecraft:raw_iron_block":1,"minecraft:furnace":2,"minecraft:cobbled_deepslate":20,"treechop:chopped_log":5,"minecraft:deepslate_lapis_ore":3,"minecraft:potatoes":9,"minecraft:deepslate_iron_ore":21,"minecraft:stone":26,"minecraft:deepslate_redstone_ore":20,"butchercraft:sheep_hide_carpet":3,"minecraft:dead_bush":1,"minecraft:tall_grass":1,"minecraft:copper_ore":7,"minecraft:cobblestone":18,"minecraft:deepslate_coal_ore":5,"minecraft:deepslate_gold_ore":6,"minecraft:wall_torch":1,"minecraft:deepslate_copper_ore":1,"minecraft:gray_wool":3,"minecraft:spruce_log":1,"minecraft:grass":3,"minecraft:coal_ore":26,"minecraft:dirt":16,"minecraft:deepslate":22,"minecraft:fern":1},"minecraft:crafted":{"minecraft:furnace":1,"minecraft:stone_pickaxe":1,"minecraft:chest":4,"butchercraft:butcher_knife":1,"minecraft:cooked_beef":28,"butchercraft:cooked_chicken_scraps":1,"sophisticatedbackpacks:backpack":1,"minecraft:spruce_planks":12,"minecraft:iron_chestplate":1,"minecraft:iron_ingot":19,"minecraft:iron_pickaxe":1,"minecraft:iron_leggings":1,"minecraft:torch":16},"minecraft:custom":{"minecraft:mob_kills":10,"minecraft:interact_with_crafting_table":30,"minecraft:damage_dealt_resisted":9,"minecraft:leave_game":7,"minecraft:time_since_death":11825,"minecraft:climb_one_cm":1296,"minecraft:sprint_one_cm":888166,"minecraft:walk_one_cm":779301,"minecraft:drop":12,"minecraft:play_time":299867,"minecraft:deaths":27,"minecraft:sneak_time":757,"minecraft:walk_under_water_one_cm":2148,"minecraft:jump":2510,"minecraft:interact_with_blast_furnace":5,"minecraft:walk_on_water_one_cm":6620,"minecraft:total_world_time":299867,"minecraft:interact_with_furnace":43,"minecraft:sleep_in_bed":16,"minecraft:time_since_rest":6204,"minecraft:damage_taken":8411,"minecraft:damage_dealt":2751,"minecraft:fly_one_cm":234370,"minecraft:open_chest":125,"minecraft:interact_with_smoker":5,"minecraft:fall_one_cm":28250},"minecraft:picked_up":{"butchercraft:pork_scraps":1,"minecraft:moss_carpet":1,"minecraft:raw_copper":63,"minecraft:cobbled_deepslate":542,"minecraft:azalea":2,"easyhammers:stone_hammer":1,"minecraft:egg":1,"minecraft:iron_boots":1,"minecraft:furnace":2,"minecraft:dark_oak_sapling":11,"minecraft:stick":28,"minecraft:raw_iron":30,"butchercraft:eyeball":2,"minecraft:torch":2,"minecraft:bowl":1,"butchercraft:chicken_mask":1,"minecraft:redstone":84,"butchercraft:sheep_hide":2,"minecraft:golden_chestplate":1,"butchercraft:chicken_scraps":1,"minecraft:rotten_flesh":19,"farmersdelight:onion":22,"minecraft:carved_pumpkin":1,"butchercraft:beef_scraps":1,"butchercraft:sheep_head_item":1,"minecraft:glow_berries":2,"minecraft:white_wool":2,"minecraft:cobblestone":135,"born_in_chaos_v1:corpse_maggot":7,"minecraft:feather":1,"minecraft:leather":11,"minecraft:golden_leggings":1,"minecraft:potato":21,"minecraft:flint":1,"minecraft:tuff":116,"butchercraft:pig_hide":1,"minecraft:lapis_lazuli":15,"minecraft:blue_bed":2,"minecraft:dirt":29,"born_in_chaos_v1:nightmare_stalker_skull":1,"minecraft:bone":10,"minecraft:apple":1,"minecraft:bow":1,"minecraft:wheat_seeds":2,"minecraft:raw_gold":5,"minecraft:spore_blossom":1,"minecraft:stone_pickaxe":1,"minecraft:iron_ingot":4,"minecraft:moss_block":9,"minecraft:flowering_azalea":1,"minecraft:oak_planks":4,"minecraft:iron_sword":2,"minecraft:raw_iron_block":1,"minecraft:spruce_sapling":21,"minecraft:white_bed":1,"minecraft:spruce_log":67,"butchercraft:sheep_carcass":1,"minecraft:dark_oak_log":44,"minecraft:spider_eye":1,"minecraft:leather_helmet":1,"butchercraft:leather_scrap":2,"minecraft:pumpkin_seeds":8,"minecraft:netherite_helmet":1,"minecraft:iron_helmet":1,"butchercraft:lamb_scraps":6,"minecraft:gray_wool":4,"minecraft:oak_sapling":1,"minecraft:coal":48},"minecraft:killed_by":{"thestarvedstalker:the_starved_stalker_aggro":2,"minecraft:player":3,"born_in_chaos_v1:nightmare_stalker":1,"minecraft:creeper":1,"goatman:goatman":17,"mokey:mokey":2,"cave_dweller:cave_dweller":1},"minecraft:broken":{"minecraft:iron_boots":1,"minecraft:golden_leggings":1,"minecraft:stone_pickaxe":1,"minecraft:iron_helmet":1,"minecraft:golden_chestplate":1},"minecraft:dropped":{"minecraft:stick":3,"born_in_chaos_v1:nightmare_stalker_skull":1,"minecraft:torch":5,"minecraft:bone":2,"minecraft:rotten_flesh":2,"butchercraft:sheep_carcass":1,"born_in_chaos_v1:corpse_maggot":2,"minecraft:oak_sapling":1}},"DataVersion":3120}